SOURCE FILE,CLASS,DESTINATION REPOSITORY/PATH,REASON
web/.prettierignore,A: GORGONA,web/.prettierignore,"Reusable customer app route, toolchain, build or real API verification; no salon marketing"
web/app/book/page.tsx,A: GORGONA,web/app/book/page.tsx,"Reusable customer app route, toolchain, build or real API verification; no salon marketing"
web/app/globals.css,C: shared/reusable in GORGONA,web/app/globals.css,"Generic host-resolved booking behavior, schema or customer UI; consumed by hosted embed, no source copy"
web/app/layout.tsx,A: GORGONA,web/app/layout.tsx,"Reusable customer app route, toolchain, build or real API verification; no salon marketing"
web/app/page.tsx,A: GORGONA,web/app/page.tsx,"Reusable customer app route, toolchain, build or real API verification; no salon marketing"
web/components/booking-parts.tsx,C: shared/reusable in GORGONA,web/components/booking-parts.tsx,"Generic host-resolved booking behavior, schema or customer UI; consumed by hosted embed, no source copy"
web/components/booking.tsx,C: shared/reusable in GORGONA,web/components/booking.tsx,"Generic host-resolved booking behavior, schema or customer UI; consumed by hosted embed, no source copy"
web/components/journey.tsx,C: shared/reusable in GORGONA,web/components/journey.tsx,"Generic host-resolved booking behavior, schema or customer UI; consumed by hosted embed, no source copy"
web/eslint.config.mjs,A: GORGONA,web/eslint.config.mjs,"Reusable customer app route, toolchain, build or real API verification; no salon marketing"
web/lib/api.ts,C: shared/reusable in GORGONA,web/lib/api.ts,"Generic host-resolved booking behavior, schema or customer UI; consumed by hosted embed, no source copy"
web/lib/contracts.ts,C: shared/reusable in GORGONA,web/lib/contracts.ts,"Generic host-resolved booking behavior, schema or customer UI; consumed by hosted embed, no source copy"
web/next-env.d.ts,A: GORGONA,web/next-env.d.ts,"Reusable customer app route, toolchain, build or real API verification; no salon marketing"
web/next.config.ts,A: GORGONA,web/next.config.ts,"Reusable customer app route, toolchain, build or real API verification; no salon marketing"
web/package-lock.json,A: GORGONA,web/package-lock.json,"Reusable customer app route, toolchain, build or real API verification; no salon marketing"
web/package.json,A: GORGONA,web/package.json,"Reusable customer app route, toolchain, build or real API verification; no salon marketing"
web/playwright.config.ts,A: GORGONA,web/playwright.config.ts,"Reusable customer app route, toolchain, build or real API verification; no salon marketing"
web/public/assets/ka-nails-logo.png,B: KA Nails,KA-nails/public/assets/ka-nails-logo.png,Exact tenant brand image; original bytes preserved in ZIP before removal from generic export
web/tests/booking.spec.ts,A: GORGONA,web/tests/booking.spec.ts,"Reusable customer app route, toolchain, build or real API verification; no salon marketing"
web/tsconfig.json,A: GORGONA,web/tsconfig.json,"Reusable customer app route, toolchain, build or real API verification; no salon marketing"
assets/brand/ka-nails-logo.png,B: KA Nails,KA-nails/public/assets/ka-nails-logo.png,"Same tenant-owned original logo; deduplicated in KA repository, source preserved in backup and Git history"
docs/design/ka-nails-logo-original.png,B: KA Nails,KA-nails/public/assets/ka-nails-logo.png,"Same tenant-owned original logo; deduplicated in KA repository, source preserved in backup and Git history"
